Gamer: gamerex27
Malph: Malph
Runic: Runic
Daisy: daisy, queenyclone, Littlequeen, Lilqueendaisy
Siranae: Siranae
Crack: ACrackInTime
Pent: Pentigan, The Grey Fox
Tracer: TheGinkei, TracerBullet, SpitefulMurkrow
Shichi: Shichibukai
Anom: Anomalocaris20
Tagg: rmctagg09
Jane: CalamityJane
Pies: TheGreatPiesAlt, Belial
Dyna: Dynamod
Slouch: Slouch
Crimson: Neo_Crimson
Fire: Firestarter
0dd1: 0dd1
Namboto: namboto
DraTamer: JackTheDragonTamer
Bindle: Bindlestick
Luke: Luke924, Luke9924
DS: DarkerShining
Crewe: Crewe
Wolf: BadWolf21
Rizu: Rizu
Choco: chocoboxxx
Willy: WillyFourEyes
Hole: BlackHoleOfFood
Meddler: TheMeddler, Meddler413
Saturn: Saturn
Excellent: CaptainExcellent
Silver: SilverBlack
Aff: Affiinity93
Snicklin: Snicklin
Marioguy: Marioguy128
Pippi: PippingFool
Spoopy: SpookyMask
Altimeter: Altimeter
Pond: NoDuckPond
Anne: annebeeche
Angle: GuardianAngle
Herman: hermanpowers
Librarian: theLibrarian
A: AgentDragonhunter
Pika: Pikaninja7
Mezzo: Mezzopiano, MidnightSun197
Straw: strawberryflavored
OuRex: OuRex
Star: stargirl93
Tangent: Tangent128
Every: memyselfandI2, memyselfandI
Silent: SilentReverence, VeniaSilente
Katsuun: Katsuun
Gear: GearLeader
Dixnerf: Dixnerf
Duffy: MacDuffy
Rex: Hobgoblin
Squadala: SquadalaGuy
Ori: Orichalcon
Parisse: Bloodmonkey
Michael: MichaelDj54
49: Troper49
Umbra: Umbramatic
Sixth: Sixthhokage1, DJPon3, goldenrodResearcher
Onion: Malgent, Toxewanderer, Antemaetem, OnionShew
Issac: IssacClarke
Apikale: ApikaleWahine
Aramil: Aramil
GameSpazzer: GameSpazzer
Eskay: Eskay64, BittersweetNSour, Esskay64
Anon: anonymously
Pancake: WackyPancake
Trip: Trip
Psyche: ace3469, conflictedpsyches
TrollPost: TrollPost
Xigxagz: Xigxagz
Root: Root
Mind: MindGamer
Tropeless: Tropeless
Zeik: ZeikHunter
Desdendelle: desdendelle
Musik: MusikMaestro
Matt: mattman324
Crow: crowlover, CorvusAtrox
Lewis: Luigilewis889
Quarter: QuarterDollar
Miru: miru
Zidane: ZidaneFlameMouse
DC: DC107
Moon: FullMoon
Justicar: Justicar1000
Newfie: NewfieMEKZ, PhilosopherStones
Jho: Deviljho, Reox
Jawa: SpaceJawa
Penitent: ParadoxicalStone
Dogs: ILoveDogs
Kaiser: ShadowKaiser
Zeal: MrMasterMrDoom, AZealousIndividual, AToZToMe
Fork: CredibleFork
Gold: goldmonkey
Ergo: Ergoriptar
Verax: Verax
Herbert: Herbert40k
Marv: MadMarv
Conflixin: conflixin
Beri: BluBeriPi
Violent: violentcitizen
Jacques: JacquesHammer
Eline: Eline4
Nitro: Nitro836
Duckfish: TheDuckfish
Excal: Excalibrator
Dopants: Dopants
Imp: ImperialSunlight
Nova: nova24
CAPSLOCK: CAPSLOCK
Magic: ForMagic
Keys: keys2tkingdom
Dalek: PurpleDalek
Dune: 0blivionmobile, DuneTheWanderer, 0blivion!Dune
Mysterion: Mysterion
KOG: kingofgames010
Wasp: ButNotLeast, ChromaticWasp, [insert username here]
Hybrid: THybrid21
Uill: Uilleam
Mint: Helpful_Mint
Mobile: MobileLeprechaun
Morgi: Morgikit
Marin: ChaoticMarin, Marinite
Sebby: sebbymoran
NES: NesClassic
Hooba: HoobaDooba
Channah: Channah
MHM: MHMhasf1998
Sunshine: Mrsunshinesprinkles
Eri: PinkCelebi
Noob: Eternalnoob
Snow: AJSnow
Pen: Penthepoet
Pana: Careithis
Midnova: Midnova
Blitz: BlitzTrain
Sky: Skyzerk
Radio: radioactiveboy
Kidd: kiddthegamer
Weird: Weirdguy149
Marcus: MarcusFirehaven
Iron: Iron
Kandi: Kandikorn22
Sylen: Sylenviathegecko
Shade: usherp
Psyco: DevilPsyco
Fletcha: Fletcha
Bacon: BaconManiac5000